VIN,Make
SALCJ2FX2MH884047,Land Rover
SALEP7RUXM2060712,Land Rover
SCFSMGAWXLGN04660 ,Aston Martin
SCFRMFCW8LGM09875,Aston Martin
NY-KLK6634,Subaru
NY-KNB5886 ,Subaru
NY-KNS2549 ,Subaru
ZAM56YPS2L1355594,Maserati
SALWR2SU7NA797157,Land Rover
SALRT4RU0M2453047,Land Rover
ZN661YUA6MX372513,Maserati
SALE26RU3N2074493,Land Rover
ZN661XUA8MX363533,Maserati
PA-LRA5727 ,Subaru
TX-PJZ6206 ,Subaru
VA-UDH5041 ,Subaru
WV-64Z481 ,Subaru
SAJBL4GXXMCY88563,Jaguar
SALCJ2FX9MH891738,Land Rover
SALE37RU0M2040271,Land Rover
SCFSMGAW9LGN03855,Aston Martin
SALE37RU4N2068107,Land Rover
SALCP2FX1MH892848,Land Rover
ZN661YUS9MX374166,Maserati
ZN661XUA1MX372123,Maserati
ZN661XUA9MX372757,Maserati
4S4BTACC0N3103027,Subaru
SALEK6RX0N2067303,Land Rover
SALEW7RUXN2066482,Land Rover
4S4BTANC1N3104720,Subaru
4S4BTANC0N3110220,Subaru
SALYJ2EU5MA314128,Land Rover
SALWR2SU4NA797200,Land Rover
ZAM57YSAXM1360796,Maserati
SCFRMHCV4MGT02469,Aston Martin
ZN661YUA1MX359667,Maserati
ZAM57YSA7M1357662,Maserati
ZN661XUAXMX357748,Maserati
ZAM56YPL5M1376613,Maserati
NC-PKP8269,Maserati